City_ID,City,Country,Lat,Lng,Max Temp,Humidity,Cloudiness,Wind Speed,Current Description,Date
0,Sayyan,YE,15.1718,44.3244,62.71,67,81,3.6,broken clouds,2021-07-25 03:06:58
1,Kahului,US,20.8947,-156.47,85.26,83,40,24.16,scattered clouds,2021-07-25 03:06:59
2,Rikitea,PF,-23.1203,-134.9692,69.49,56,0,0.18,clear sky,2021-07-25 03:06:59
3,Qaanaaq,GL,77.484,-69.3632,38.3,67,100,4.5,overcast clouds,2021-07-25 03:06:59
4,Sorland,NO,67.667,12.6934,52.65,94,100,13.22,overcast clouds,2021-07-25 03:07:00
5,Puerto Ayora,EC,-0.7393,-90.3518,72.55,88,5,8.01,clear sky,2021-07-25 03:07:00
6,Pevek,RU,69.7008,170.3133,37.36,85,51,17.31,broken clouds,2021-07-25 03:07:00
7,Lebu,CL,-37.6167,-73.65,50.36,89,98,23.73,light rain,2021-07-25 03:07:00
8,Sitio Novo Do Tocantins,BR,-5.5183,-47.4611,73.4,55,10,1.86,clear sky,2021-07-25 03:07:01
9,Nevel,RU,56.0209,29.9284,53.49,73,1,1.92,clear sky,2021-07-25 03:07:01
10,Bogande,BF,12.9714,-0.1436,77.95,73,11,7.63,few clouds,2021-07-25 03:07:01
11,Nishihara,JP,26.1842,127.7558,87.46,88,75,19.57,broken clouds,2021-07-25 03:07:02
12,La Massana,AD,42.5667,1.4833,53.73,78,41,1.01,scattered clouds,2021-07-25 03:07:02
13,Cape Town,ZA,-33.9258,18.4232,51.28,58,0,6.91,clear sky,2021-07-25 03:07:02
14,Nikolskoye,RU,59.7035,30.7861,59.81,55,100,5.46,overcast clouds,2021-07-25 03:02:28
15,Busselton,AU,-33.65,115.3333,63.05,67,71,19.28,broken clouds,2021-07-25 03:04:09
16,Dingle,PH,10.9995,122.6711,86.52,68,82,18.48,broken clouds,2021-07-25 03:07:03
17,Aripuana,BR,-9.1667,-60.6333,75.07,51,35,1.41,scattered clouds,2021-07-25 03:05:09
18,Leningradskiy,RU,69.3833,178.4167,36.3,96,100,6.31,overcast clouds,2021-07-25 03:07:03
19,Provideniya,RU,64.3833,-173.3,47.77,98,100,11.95,light rain,2021-07-25 03:07:03
20,Huarmey,PE,-10.0681,-78.1522,63.21,87,70,5.88,broken clouds,2021-07-25 03:07:04
21,Ushuaia,AR,-54.8,-68.3,38.86,75,75,2.3,broken clouds,2021-07-25 03:07:04
22,Bandarbeyla,SO,9.4942,50.8122,80.56,55,35,23.55,scattered clouds,2021-07-25 03:07:04
23,Bluff,NZ,-46.6,168.3333,51.8,72,100,10.83,moderate rain,2021-07-25 03:07:05
24,Hobart,AU,-42.8794,147.3294,44.46,80,75,4.0,broken clouds,2021-07-25 03:07:05
25,Natchez,US,31.5604,-91.4032,82.62,89,1,0.0,clear sky,2021-07-25 03:07:05
26,Karratha,AU,-20.7377,116.8463,78.66,32,69,11.32,broken clouds,2021-07-25 03:07:05
27,Atuona,PF,-9.8,-139.0333,78.42,70,15,17.85,few clouds,2021-07-25 03:07:06
28,Aklavik,CA,68.2191,-135.0107,66.11,49,83,13.44,broken clouds,2021-07-25 03:07:06
29,Kruisfontein,ZA,-34.0033,24.7314,46.49,37,13,9.51,few clouds,2021-07-25 03:07:06
30,Mahebourg,MU,-20.4081,57.7,67.24,72,47,14.72,scattered clouds,2021-07-25 03:07:06
31,Babati,TZ,-4.2167,35.75,50.49,91,0,2.86,clear sky,2021-07-25 03:07:07
32,Algiers,DZ,36.7525,3.042,78.62,61,40,3.44,scattered clouds,2021-07-25 03:05:58
33,Areosa,PT,41.7178,-8.8571,64.33,91,100,4.9,overcast clouds,2021-07-25 03:07:07
34,Umm Lajj,SA,25.0213,37.2685,83.79,44,0,5.66,clear sky,2021-07-25 03:07:07
35,Roma,US,43.2128,-75.4557,75.4,69,90,5.75,overcast clouds,2021-07-25 03:07:08
36,Tasiilaq,GL,65.6145,-37.6368,42.96,97,100,2.8,overcast clouds,2021-07-25 03:03:11
37,East London,ZA,-33.0153,27.9116,51.31,48,0,8.99,clear sky,2021-07-25 03:07:08
38,Thompson,CA,55.7435,-97.8558,59.16,100,75,6.91,mist,2021-07-25 03:07:08
39,Hyeres,FR,43.1167,6.1167,75.33,69,0,3.44,clear sky,2021-07-25 03:07:09
40,Shahr-E Babak,IR,30.1165,55.1186,79.39,14,2,8.97,clear sky,2021-07-25 03:07:09
41,Khatanga,RU,71.9667,102.5,61.48,45,65,22.08,broken clouds,2021-07-25 03:07:09
42,Port Alfred,ZA,-33.5906,26.891,53.46,42,1,9.62,clear sky,2021-07-25 03:07:09
43,Evreux,FR,49.0241,1.1508,63.41,94,75,9.22,broken clouds,2021-07-25 03:07:10
44,Barrow,US,71.2906,-156.7887,44.62,81,90,4.61,overcast clouds,2021-07-25 03:07:10
45,Airai,TL,-8.9266,125.4092,77.31,21,19,3.91,few clouds,2021-07-25 03:07:10
46,Olden,NO,61.8364,6.8064,62.28,88,76,0.89,broken clouds,2021-07-25 03:07:10
47,Saposoa,PE,-6.934,-76.7716,70.9,82,7,3.11,clear sky,2021-07-25 03:07:11
48,Nouadhibou,MR,20.931,-17.0347,68.67,90,8,14.41,clear sky,2021-07-25 03:07:11
49,Bonthe,SL,7.5264,-12.505,75.97,85,100,7.76,light rain,2021-07-25 03:07:11
50,Khuzdar,PK,27.7384,66.6434,84.31,44,55,3.0,broken clouds,2021-07-25 03:07:11
51,Eirunepe,BR,-6.6603,-69.8736,79.45,57,88,2.39,overcast clouds,2021-07-25 03:07:12
52,Astana,KZ,51.1801,71.446,79.32,36,93,11.72,overcast clouds,2021-07-25 03:07:12
53,Kushima,JP,31.4583,131.2333,82.44,71,100,13.42,light rain,2021-07-25 03:07:12
54,Clyde River,CA,70.4692,-68.5914,32.23,100,90,17.27,mist,2021-07-25 03:02:58
55,Punta Arenas,CL,-53.15,-70.9167,37.11,86,100,14.65,overcast clouds,2021-07-25 03:02:32
56,Jamestown,US,42.097,-79.2353,72.99,83,20,4.0,few clouds,2021-07-25 03:07:09
57,Souillac,MU,-20.5167,57.5167,67.35,74,53,13.02,broken clouds,2021-07-25 03:07:13
58,Tres Pontas,BR,-21.3667,-45.5125,53.31,52,0,4.54,clear sky,2021-07-25 03:04:37
59,Hostotipaquillo,MX,21.0667,-104.0667,70.05,91,99,3.51,overcast clouds,2021-07-25 03:07:13
60,Warrnambool,AU,-38.3833,142.4833,49.8,76,100,23.04,overcast clouds,2021-07-25 03:07:13
61,Belaya Gora,RU,68.5333,146.4167,61.03,44,100,15.35,overcast clouds,2021-07-25 03:07:14
62,Castro,BR,-24.7911,-50.0119,51.73,69,0,3.09,clear sky,2021-07-25 03:07:14
63,Columbus,US,39.9612,-82.9988,79.0,74,90,8.05,overcast clouds,2021-07-25 03:03:55
64,Vila Velha,BR,-20.3297,-40.2925,60.75,94,0,4.61,clear sky,2021-07-25 03:07:14
65,Hofn,IS,64.2539,-15.2082,51.89,83,7,10.18,clear sky,2021-07-25 03:07:15
66,El Alto,PE,-4.2714,-81.2147,63.84,85,85,12.08,overcast clouds,2021-07-25 03:07:15
67,Beinamar,TD,8.6698,15.3813,70.07,95,88,5.14,overcast clouds,2021-07-25 03:07:15
68,Cardston,CA,49.2,-113.3019,77.47,22,0,9.28,clear sky,2021-07-25 03:07:15
69,Jalu,LY,29.0331,21.5482,76.06,42,0,7.02,clear sky,2021-07-25 03:07:16
70,Natal,BR,-5.795,-35.2094,72.25,83,0,4.61,clear sky,2021-07-25 03:07:16
71,Ancud,CL,-41.8697,-73.8203,38.73,83,100,2.64,overcast clouds,2021-07-25 03:07:16
72,Los Llanos De Aridane,ES,28.6585,-17.9182,68.13,69,75,14.97,broken clouds,2021-07-25 03:07:17
73,Mataura,NZ,-46.1927,168.8643,51.48,80,94,3.56,light rain,2021-07-25 03:07:17
74,Arraial Do Cabo,BR,-22.9661,-42.0278,69.4,76,0,24.0,clear sky,2021-07-25 03:07:17
75,Carnarvon,AU,-24.8667,113.6333,68.07,53,90,10.36,overcast clouds,2021-07-25 03:07:18
76,Umm Kaddadah,SD,13.6017,26.6876,80.78,58,94,4.7,overcast clouds,2021-07-25 03:07:18
77,Saint-Philippe,RE,-21.3585,55.7679,65.75,74,38,7.14,scattered clouds,2021-07-25 03:07:18
78,Cherskiy,RU,68.75,161.3,57.31,53,66,6.87,broken clouds,2021-07-25 03:07:18
79,Chumikan,RU,54.7183,135.315,63.05,85,97,6.17,overcast clouds,2021-07-25 03:07:19
80,Itarema,BR,-2.9248,-39.9167,75.65,81,5,11.01,clear sky,2021-07-25 03:07:19
81,Vaini,TO,-21.2,-175.2,77.16,94,20,9.22,light rain,2021-07-25 03:07:19
82,Butaritari,KI,3.0707,172.7902,83.01,73,15,11.9,light rain,2021-07-25 03:07:19
83,Ugoofaaru,MV,5.6667,73.0,80.8,80,100,15.64,heavy intensity rain,2021-07-25 03:07:20
84,Dikson,RU,73.5069,80.5464,36.63,97,86,8.52,overcast clouds,2021-07-25 03:07:20
85,Cidreira,BR,-30.1811,-50.2056,61.43,77,29,6.71,scattered clouds,2021-07-25 03:07:20
86,Alta Floresta,BR,-9.8756,-56.0861,71.62,49,24,3.09,few clouds,2021-07-25 03:07:21
87,Sibu,MY,2.3,111.8167,91.89,53,92,2.53,overcast clouds,2021-07-25 03:07:21
88,Aracuai,BR,-16.8497,-42.0703,60.71,92,2,3.13,clear sky,2021-07-25 03:07:21
89,Bredasdorp,ZA,-34.5322,20.0403,47.16,53,98,3.58,overcast clouds,2021-07-25 03:07:21
90,Hermanus,ZA,-34.4187,19.2345,49.89,50,100,6.08,overcast clouds,2021-07-25 03:07:22
91,Livramento,BR,-3.0254,-60.1803,81.27,94,0,1.14,light rain,2021-07-25 03:07:22
92,Port Hardy,CA,50.6996,-127.4199,60.08,83,74,10.11,broken clouds,2021-07-25 03:03:10
93,Ribeira Grande,PT,38.5167,-28.7,69.78,90,20,13.78,few clouds,2021-07-25 03:07:22
94,Ostrovnoy,RU,68.0531,39.5131,45.5,89,100,22.79,overcast clouds,2021-07-25 03:07:23
95,Dickinson,US,29.4608,-95.0513,86.27,81,1,9.22,clear sky,2021-07-25 03:06:36
96,Komsomolskiy,UZ,40.4272,71.7189,88.52,25,0,2.3,clear sky,2021-07-25 03:07:23
97,Port Elizabeth,ZA,-33.918,25.5701,50.5,48,6,11.16,clear sky,2021-07-25 03:07:23
98,Uruzgan,AF,32.8333,66.0,83.84,14,0,5.32,clear sky,2021-07-25 03:07:24
99,Fortuna,US,40.5982,-124.1573,57.92,91,90,1.01,overcast clouds,2021-07-25 03:02:36
100,Iqaluit,CA,63.7506,-68.5145,47.7,81,100,18.01,overcast clouds,2021-07-25 03:07:24
101,Hilo,US,19.7297,-155.09,79.61,87,90,4.61,moderate rain,2021-07-25 03:03:28
102,Padang,ID,-0.9492,100.3543,84.25,62,41,2.24,scattered clouds,2021-07-25 03:07:24
103,De Aar,ZA,-30.6497,24.0123,33.46,55,0,4.63,clear sky,2021-07-25 03:07:25
104,Bambous Virieux,MU,-20.3428,57.7575,67.21,72,59,15.23,broken clouds,2021-07-25 03:07:25
105,Chokurdakh,RU,70.6333,147.9167,53.28,47,86,13.85,overcast clouds,2021-07-25 03:07:25
106,Biak,ID,-0.9131,122.8766,81.57,66,77,8.79,broken clouds,2021-07-25 03:07:26
107,Saskylakh,RU,71.9167,114.0833,71.35,56,100,6.55,overcast clouds,2021-07-25 03:05:39
108,Portland,US,45.5234,-122.6762,86.58,48,1,1.99,clear sky,2021-07-25 03:04:30
109,Coquimbo,CL,-29.9533,-71.3436,49.73,100,0,4.61,clear sky,2021-07-25 03:07:26
110,Krasnogvardeyskoye,RU,45.8456,41.5186,73.13,46,86,7.87,overcast clouds,2021-07-25 03:07:26
111,Nadym,RU,65.5333,72.5167,61.3,74,34,11.03,scattered clouds,2021-07-25 03:07:27
112,Tuktoyaktuk,CA,69.4541,-133.0374,58.71,45,76,14.36,broken clouds,2021-07-25 03:07:27
113,Kavieng,PG,-2.5744,150.7967,83.91,72,11,7.27,light rain,2021-07-25 03:07:27
114,Mount Isa,AU,-20.7333,139.5,71.37,18,7,13.8,clear sky,2021-07-25 03:07:28
115,Albany,US,42.6001,-73.9662,72.18,70,100,4.0,overcast clouds,2021-07-25 03:04:04
116,Maceio,BR,-9.6658,-35.7353,74.64,78,75,6.91,broken clouds,2021-07-25 03:07:28
117,Kloulklubed,PW,7.0419,134.2556,84.6,77,100,14.5,overcast clouds,2021-07-25 03:07:28
118,Faanui,PF,-16.4833,-151.75,78.75,68,13,10.83,few clouds,2021-07-25 03:07:29
119,Galle,LK,6.0367,80.217,80.42,84,48,9.53,scattered clouds,2021-07-25 03:07:29
120,Nanortalik,GL,60.1432,-45.2371,42.31,96,97,9.37,overcast clouds,2021-07-25 03:03:55
121,Tucuma,BR,-0.1833,-50.05,75.13,88,24,6.35,few clouds,2021-07-25 03:07:29
122,Laguna,US,38.421,-121.4238,97.45,35,1,1.01,clear sky,2021-07-25 03:07:29
123,Mar Del Plata,AR,-38.0023,-57.5575,52.12,46,100,13.0,moderate rain,2021-07-25 03:02:44
124,Matagami,CA,49.7502,-77.6328,60.91,94,90,9.22,mist,2021-07-25 03:07:30
125,Chapais,CA,49.7834,-74.8492,66.79,56,100,12.03,overcast clouds,2021-07-25 03:07:30
126,Palana,RU,59.1167,159.9667,49.89,98,100,6.67,overcast clouds,2021-07-25 03:07:30
127,Ponta Pora,BR,-22.5361,-55.7256,67.91,43,0,9.91,clear sky,2021-07-25 03:07:31
128,Hithadhoo,MV,-0.6,73.0833,82.04,77,92,10.04,overcast clouds,2021-07-25 03:05:48
129,Bonavista,CA,48.6499,-53.1147,59.11,97,100,9.71,light rain,2021-07-25 03:07:31
130,Torbay,CA,47.6666,-52.7314,58.57,90,90,18.41,overcast clouds,2021-07-25 03:05:29
131,Arauca,CO,7.0847,-70.7591,75.09,86,100,1.54,light rain,2021-07-25 03:04:17
132,Lanzhot,CZ,48.7244,16.9669,71.29,79,100,7.09,moderate rain,2021-07-25 03:07:31
133,Marfino,RU,55.7028,37.3822,60.1,82,0,2.24,clear sky,2021-07-25 03:07:32
134,Ilulissat,GL,69.2167,-51.1,42.82,87,90,4.61,overcast clouds,2021-07-25 03:07:32
135,Kidal,ML,18.4411,1.4078,84.29,56,94,13.53,overcast clouds,2021-07-25 03:07:32
136,Araouane,ML,18.9048,-3.5265,87.58,43,37,9.66,scattered clouds,2021-07-25 03:07:33
137,Yellowknife,CA,62.456,-114.3525,58.28,47,70,3.0,broken clouds,2021-07-25 03:07:33
138,Mayo,US,38.8876,-76.5119,79.43,70,90,1.99,overcast clouds,2021-07-25 03:07:33
139,Kamenka,RU,51.3223,42.7678,62.58,68,98,6.44,overcast clouds,2021-07-25 03:07:33
140,Cabo San Lucas,MX,22.8909,-109.9124,88.52,72,59,7.0,broken clouds,2021-07-25 03:07:34
141,Zinapecuaro,MX,19.8667,-100.8167,63.25,91,46,4.34,scattered clouds,2021-07-25 03:07:34
142,Dalvik,IS,65.9702,-18.5286,53.28,78,71,5.79,broken clouds,2021-07-25 03:07:34
143,Kapaa,US,22.0752,-159.319,84.18,81,75,7.0,light rain,2021-07-25 03:07:34
144,Joao Pinheiro,BR,-17.7425,-46.1725,59.2,54,0,6.02,clear sky,2021-07-25 03:07:35
145,Yarada,IN,17.65,83.2667,82.72,89,75,11.5,light rain,2021-07-25 03:07:35
146,Cayenne,GF,4.9333,-52.3333,79.09,87,0,0.0,clear sky,2021-07-25 03:07:35
147,Aitape,PG,-3.1374,142.3475,75.29,97,100,12.46,overcast clouds,2021-07-25 03:07:36
148,Marienburg,PL,54.0359,19.0266,64.96,74,95,4.65,overcast clouds,2021-07-25 03:07:36
149,Bethel,US,41.3712,-73.414,72.48,77,1,4.61,clear sky,2021-07-25 03:06:25
150,Wamba,NG,8.9333,8.6,68.2,96,48,3.58,scattered clouds,2021-07-25 03:07:36
151,Yerbogachen,RU,61.2767,108.0108,78.8,39,59,5.97,broken clouds,2021-07-25 03:07:37
152,Berbera,SO,10.4396,45.0143,83.41,49,100,36.1,overcast clouds,2021-07-25 03:07:37
153,Solnechnyy,RU,50.7214,136.6319,93.25,33,77,11.43,moderate rain,2021-07-25 03:07:37
154,Eganville,CA,45.5334,-77.0994,68.34,98,100,12.8,light rain,2021-07-25 03:07:37
155,Upernavik,GL,72.7868,-56.1549,39.13,86,8,2.33,clear sky,2021-07-25 03:05:46
156,Acapulco,MX,16.8634,-99.8901,81.45,83,10,6.85,clear sky,2021-07-25 03:06:24
157,Tuatapere,NZ,-46.1333,167.6833,51.82,63,100,7.67,overcast clouds,2021-07-25 03:07:38
158,Bathsheba,BB,13.2167,-59.5167,80.74,83,100,9.82,overcast clouds,2021-07-25 03:07:38
159,Sompeta,IN,18.9333,84.6,87.03,67,100,5.39,overcast clouds,2021-07-25 03:07:39
160,Bereda,ES,43.2686,-7.5406,57.42,100,98,1.63,overcast clouds,2021-07-25 03:07:39
161,Tolentino,IT,43.2126,13.2901,76.5,59,93,7.23,overcast clouds,2021-07-25 03:07:39
162,Kencong,ID,-8.2833,113.3667,81.12,61,5,4.79,clear sky,2021-07-25 03:07:40
163,North Platte,US,41.1239,-100.7654,80.02,65,1,1.99,clear sky,2021-07-25 03:02:41
164,Layou,VC,13.2,-61.2667,78.28,83,99,9.44,overcast clouds,2021-07-25 03:07:40
165,Kodiak,US,57.79,-152.4072,52.32,88,99,4.54,overcast clouds,2021-07-25 03:07:41
166,Yumen,CN,40.2833,97.2,85.5,23,1,4.94,clear sky,2021-07-25 03:07:41
167,Nchelenge,ZM,-9.3451,28.734,57.47,79,2,9.15,clear sky,2021-07-25 03:07:41
168,Kavaratti,IN,10.5669,72.642,81.95,78,92,21.27,overcast clouds,2021-07-25 03:07:41
169,Taoudenni,ML,22.6783,-3.9836,95.22,8,4,11.32,clear sky,2021-07-25 03:07:42
170,Nantucket,US,41.2835,-70.0995,70.0,91,1,8.05,clear sky,2021-07-25 03:02:52
171,Dezhou,CN,37.4486,116.2925,90.99,51,0,5.53,clear sky,2021-07-25 03:07:42
172,San Cristobal,VE,7.7669,-72.225,66.65,99,100,3.67,overcast clouds,2021-07-25 03:07:42
173,Kutum,SD,14.2,24.6667,72.07,77,98,10.85,overcast clouds,2021-07-25 03:07:42
174,Kaeo,NZ,-35.1,173.7833,61.32,79,100,14.76,light rain,2021-07-25 03:07:43
175,Hamilton,US,39.1834,-84.5333,79.84,75,40,1.01,scattered clouds,2021-07-25 03:06:51
176,Mount Gambier,AU,-37.8333,140.7667,48.11,100,75,9.22,light intensity shower rain,2021-07-25 03:05:28
177,Emba,KZ,48.8264,58.1442,73.87,42,0,9.82,clear sky,2021-07-25 03:07:43
178,Lata,PT,40.1629,-8.3327,61.92,95,30,1.16,scattered clouds,2021-07-25 03:07:44
179,Orlik,RU,52.5178,99.825,69.73,60,100,0.96,overcast clouds,2021-07-25 03:07:44
180,College,US,64.8569,-147.8028,70.0,56,75,10.36,broken clouds,2021-07-25 03:05:44
181,Egvekinot,RU,66.3167,-179.1667,50.05,85,100,3.69,overcast clouds,2021-07-25 03:07:44
182,Matay,EG,28.419,30.7792,74.93,65,0,9.01,clear sky,2021-07-25 03:07:45
183,Nizhniy Tsasuchey,RU,50.5167,115.1333,72.45,49,25,10.87,scattered clouds,2021-07-25 03:07:46
184,Seoul,KR,37.5683,126.9778,93.61,34,100,6.15,overcast clouds,2021-07-25 03:07:13
185,Kaitangata,NZ,-46.2817,169.8464,49.93,54,96,10.11,overcast clouds,2021-07-25 03:07:46
186,Deputatskiy,RU,69.3,139.9,58.1,50,25,13.71,scattered clouds,2021-07-25 03:07:46
187,Antalaha,MG,-14.9003,50.2788,68.94,81,100,11.95,light rain,2021-07-25 03:07:47
188,Brainerd,US,46.358,-94.2008,71.89,53,1,3.44,clear sky,2021-07-25 03:07:02
189,Eureka,US,40.8021,-124.1637,58.19,82,26,2.44,scattered clouds,2021-07-25 03:04:58
190,Oudtshoorn,ZA,-33.5907,22.2014,52.16,26,8,6.22,clear sky,2021-07-25 03:07:47
191,Esperance,AU,-33.8667,121.9,60.31,63,98,20.33,overcast clouds,2021-07-25 03:07:47
192,Longyearbyen,SJ,78.2186,15.6401,40.32,93,100,1.03,overcast clouds,2021-07-25 03:03:09
193,Hasaki,JP,35.7333,140.8333,91.29,74,18,11.81,few clouds,2021-07-25 03:07:48
194,Klaksvik,FO,62.2266,-6.589,50.92,98,57,8.34,broken clouds,2021-07-25 03:07:48
195,Toamasina,MG,-18.1667,49.3833,68.52,80,81,7.94,light rain,2021-07-25 03:07:48
196,Sungaipenuh,ID,-2.0833,101.3833,78.98,56,20,1.79,few clouds,2021-07-25 03:07:48
197,Jina,RO,45.7833,23.6833,48.02,72,0,6.2,clear sky,2021-07-25 03:07:49
198,Anadyr,RU,64.75,177.4833,60.01,93,100,0.63,overcast clouds,2021-07-25 03:05:12
199,Saldanha,ZA,-33.0117,17.9442,53.44,45,100,10.8,overcast clouds,2021-07-25 03:07:49
200,Kupang,ID,-10.1667,123.5833,84.78,48,20,6.91,few clouds,2021-07-25 03:07:49
201,Waipawa,NZ,-41.4122,175.5153,56.03,64,1,10.33,clear sky,2021-07-25 03:07:50
202,Kushiro,JP,42.975,144.3747,72.55,100,75,9.22,fog,2021-07-25 03:07:50
203,Okakarara,NA,-20.5833,17.4333,41.76,52,0,5.95,clear sky,2021-07-25 03:07:50
204,Hobyo,SO,5.3505,48.5268,76.55,79,92,22.17,overcast clouds,2021-07-25 03:07:50
205,Rongcheng,CN,30.634,117.8517,80.15,88,93,12.17,overcast clouds,2021-07-25 03:07:51
206,Balakhninskiy,RU,58.0106,114.2769,77.65,38,88,6.2,overcast clouds,2021-07-25 03:07:51
207,Shilong,CN,23.1123,113.8425,94.96,50,38,4.21,light rain,2021-07-25 03:07:51
208,Baarle-Hertog,BE,51.4041,4.8916,63.14,94,33,5.75,mist,2021-07-25 03:07:51
209,Omsukchan,RU,62.5333,155.8,55.89,82,100,6.08,overcast clouds,2021-07-25 03:07:52
210,Florida,US,28.7505,-82.5001,82.98,84,1,5.75,clear sky,2021-07-25 03:02:55
211,Thinadhoo,MV,0.5333,72.9333,82.38,76,80,11.63,broken clouds,2021-07-25 03:07:52
212,Harper,LR,4.375,-7.7169,75.0,75,91,6.4,overcast clouds,2021-07-25 03:07:52
213,Celestun,MX,20.8667,-90.4,80.26,84,47,12.15,scattered clouds,2021-07-25 03:07:53
214,Arnsberg,DE,51.3297,8.0071,62.17,1,17,4.41,few clouds,2021-07-25 03:07:53
215,Payo,ID,-3.7508,103.6372,85.82,59,1,3.53,clear sky,2021-07-25 03:07:53
216,Coihaique,CL,-45.5752,-72.0662,31.95,93,0,2.3,clear sky,2021-07-25 03:07:53
217,Avarua,CK,-21.2078,-159.775,77.05,69,25,10.36,scattered clouds,2021-07-25 03:07:54
218,Sao Joao Da Barra,BR,-21.6403,-41.0511,68.7,73,0,12.28,clear sky,2021-07-25 03:03:24
219,Saint George,US,37.1041,-113.5841,84.63,56,1,1.01,clear sky,2021-07-25 03:07:54
220,Lompoc,US,34.6391,-120.4579,71.78,88,90,10.36,overcast clouds,2021-07-25 03:07:54
221,Phuket,TH,8.0,98.25,88.09,74,20,11.5,few clouds,2021-07-25 03:03:08
222,Asau,RO,46.4333,26.4,63.75,87,2,2.8,clear sky,2021-07-25 03:07:55
223,Batemans Bay,AU,-35.7167,150.1833,57.9,34,14,15.61,few clouds,2021-07-25 03:07:55
224,Dengfeng,CN,34.4553,113.0281,84.51,63,2,3.49,clear sky,2021-07-25 03:07:55
225,Norman Wells,CA,65.282,-126.8329,68.23,39,23,6.62,few clouds,2021-07-25 03:07:56
226,Gornopravdinsk,RU,60.05,69.9,60.46,77,100,2.26,overcast clouds,2021-07-25 03:07:56
227,Agirish,RU,61.9247,63.0231,52.56,59,32,7.78,scattered clouds,2021-07-25 03:07:56
228,Whitianga,NZ,-36.8333,175.7,60.03,80,95,12.86,overcast clouds,2021-07-25 03:07:56
229,Victoria,HK,22.2855,114.1577,91.96,79,47,1.01,scattered clouds,2021-07-25 03:07:08
230,Paamiut,GL,61.994,-49.6678,41.16,85,84,8.23,broken clouds,2021-07-25 03:04:47
231,Zambezi,ZM,-13.5432,23.1047,53.2,78,1,9.93,clear sky,2021-07-25 03:07:57
232,Mangrol,IN,21.1167,70.1167,81.05,87,100,22.5,overcast clouds,2021-07-25 03:07:57
233,Merauke,ID,-8.4667,140.3333,78.39,82,100,9.26,overcast clouds,2021-07-25 03:07:58
234,Viedma,AR,-40.8135,-62.9967,40.37,86,54,6.31,broken clouds,2021-07-25 03:07:58
235,Alvorada,BR,-12.48,-49.1247,71.58,38,4,4.52,clear sky,2021-07-25 03:07:58
236,Huangpu,CN,25.4433,113.1747,86.59,68,52,4.88,broken clouds,2021-07-25 03:07:59
237,Turan,VN,16.0678,108.2208,93.18,46,40,14.97,scattered clouds,2021-07-25 03:07:14
238,San Quintin,MX,30.4833,-115.95,68.54,84,100,7.43,overcast clouds,2021-07-25 03:07:59
239,La Ronge,CA,55.1001,-105.2842,61.02,82,75,4.61,broken clouds,2021-07-25 03:07:59
240,Yashkul,RU,46.1711,45.3435,79.41,35,96,4.52,overcast clouds,2021-07-25 03:08:00
241,Kokoda,PG,-8.8785,147.7407,87.26,59,84,5.55,broken clouds,2021-07-25 03:08:00
242,Cabra,ES,37.4725,-4.4421,69.66,48,0,2.91,clear sky,2021-07-25 03:08:00
243,Homer,US,59.6425,-151.5483,63.09,79,20,8.05,few clouds,2021-07-25 03:08:00
244,Severo-Kurilsk,RU,50.6789,156.125,57.81,89,99,2.86,overcast clouds,2021-07-25 03:08:01
245,Noslac,RO,46.4,23.9333,59.05,94,1,5.75,clear sky,2021-07-25 03:08:01
246,Twentynine Palms,US,34.1356,-116.0542,88.05,35,97,8.84,overcast clouds,2021-07-25 03:08:01
247,Karpogory,RU,64.0019,44.4451,49.96,75,100,6.53,overcast clouds,2021-07-25 03:08:01
248,Hambantota,LK,6.1241,81.1185,80.94,94,75,10.36,broken clouds,2021-07-25 03:08:02
249,Coruripe,BR,-10.1256,-36.1756,73.45,76,0,12.93,clear sky,2021-07-25 03:08:02
250,Khovu-Aksy,RU,51.1333,93.6,63.91,79,99,5.64,overcast clouds,2021-07-25 03:08:02
251,Mahina,PF,-17.5065,-149.489,78.57,69,40,3.44,scattered clouds,2021-07-25 03:08:03
252,Rocha,UY,-34.4833,-54.3333,58.12,78,100,4.07,overcast clouds,2021-07-25 03:08:03
253,Nautla,MX,20.2167,-96.7833,80.11,83,6,7.0,clear sky,2021-07-25 03:08:03
254,Afrikanda,RU,67.4429,32.7828,46.92,100,62,8.39,broken clouds,2021-07-25 03:08:03
255,Storrs,US,41.8084,-72.2495,69.62,88,1,3.44,clear sky,2021-07-25 03:08:04
256,Kenai,US,60.5544,-151.2583,63.03,85,90,13.8,overcast clouds,2021-07-25 03:05:01
257,Lavrentiya,RU,65.5833,-171.0,44.91,98,100,11.3,light rain,2021-07-25 03:08:04
258,Maniitsoq,GL,65.4167,-52.9,40.82,75,100,3.09,overcast clouds,2021-07-25 03:08:04
259,Tarnogskiy Gorodok,RU,60.4997,43.5761,52.07,64,100,5.97,overcast clouds,2021-07-25 03:08:05
260,Tautira,PF,-17.7333,-149.15,78.82,76,61,5.75,light rain,2021-07-25 03:08:05
261,Moa,CU,20.6569,-74.9403,79.5,86,94,9.75,overcast clouds,2021-07-25 03:08:05
262,Bara,NG,10.3744,10.7288,70.34,98,64,7.47,broken clouds,2021-07-25 03:08:05
263,Shirokiy,RU,49.758,129.523,81.66,63,57,8.88,broken clouds,2021-07-25 03:08:06
264,Ordzhonikidze,KZ,52.4411,61.7408,67.48,61,0,7.74,clear sky,2021-07-25 03:08:06
265,Kwinana,AU,-32.25,115.7667,68.18,62,100,16.87,overcast clouds,2021-07-25 03:08:06
266,Bubaque,GW,11.2833,-15.8333,78.15,86,100,17.09,moderate rain,2021-07-25 03:08:07
267,Balykshi,KZ,47.0667,51.8667,80.53,28,0,6.31,clear sky,2021-07-25 03:08:07
268,Shakawe,BW,-18.3667,21.85,46.87,71,0,5.97,clear sky,2021-07-25 03:08:07
269,Talnakh,RU,69.4865,88.3972,49.06,92,100,5.5,moderate rain,2021-07-25 03:05:36
270,Haines Junction,CA,60.7522,-137.5108,61.27,46,100,6.38,overcast clouds,2021-07-25 03:04:28
271,Panzhihua,CN,26.5851,101.7128,81.7,62,9,1.19,clear sky,2021-07-25 03:08:08
272,Huilong,CN,31.8111,121.655,80.04,91,100,40.0,light rain,2021-07-25 03:08:08
273,Honiara,SB,-9.4333,159.95,82.94,80,34,6.82,scattered clouds,2021-07-25 03:08:08
274,Te Anau,NZ,-45.4167,167.7167,53.44,68,100,5.73,overcast clouds,2021-07-25 03:08:09
275,South Sioux City,US,42.4739,-96.4136,78.15,78,1,0.0,clear sky,2021-07-25 03:08:09
276,Nagato,JP,34.3833,131.2,83.19,64,100,7.67,light rain,2021-07-25 03:08:09
277,Doha,QA,25.2867,51.5333,95.31,66,58,6.91,haze,2021-07-25 03:08:09
278,Tucurui,BR,-3.7661,-49.6725,73.02,61,94,2.46,overcast clouds,2021-07-25 03:08:10
279,Guasdualito,VE,7.2424,-70.7324,74.61,88,100,1.59,overcast clouds,2021-07-25 03:08:10
280,Kirakira,SB,-10.4544,161.9205,83.57,77,51,9.1,light rain,2021-07-25 03:08:10
281,Caravelas,BR,-17.7125,-39.2481,68.31,68,2,5.44,clear sky,2021-07-25 03:08:11
282,Putat,PH,10.7858,123.8469,86.67,68,69,14.9,broken clouds,2021-07-25 03:08:11
283,Sarangani,PH,5.4033,125.4636,84.54,75,91,12.64,overcast clouds,2021-07-25 03:08:11
284,Kosh-Agach,RU,50.0,88.6667,63.57,57,68,2.46,broken clouds,2021-07-25 03:08:12
285,Campamento,HN,14.55,-86.65,71.73,77,99,2.73,overcast clouds,2021-07-25 03:08:12
286,Whitefish,US,48.4111,-114.3376,79.41,38,1,3.44,smoke,2021-07-25 03:05:55
287,Ileza,RU,61.0533,43.9002,51.75,65,100,5.7,overcast clouds,2021-07-25 03:08:12
288,Gardabani,GE,41.4605,45.0928,71.69,81,100,1.32,overcast clouds,2021-07-25 03:08:12
289,Beringovskiy,RU,63.05,179.3167,54.07,83,100,5.55,light rain,2021-07-25 03:08:13
290,Dali,CN,25.7,100.1833,71.76,73,12,3.71,few clouds,2021-07-25 03:08:13
291,Hualmay,PE,-11.0964,-77.6139,62.46,86,61,7.83,broken clouds,2021-07-25 03:08:13
292,Vila Franca Do Campo,PT,37.7167,-25.4333,72.01,90,66,7.18,broken clouds,2021-07-25 03:08:14
293,Mana,GF,5.6592,-53.7767,76.64,90,100,6.93,light rain,2021-07-25 03:08:14
294,Ciudad Bolivar,VE,8.1222,-63.5497,77.7,88,100,4.41,overcast clouds,2021-07-25 03:08:14
295,Fort Dodge,US,42.4975,-94.168,76.44,88,1,0.0,clear sky,2021-07-25 03:04:38
296,Banda Aceh,ID,5.5577,95.3222,84.79,63,100,8.08,overcast clouds,2021-07-25 03:08:15
297,Fairbanks,US,64.8378,-147.7164,70.02,56,75,11.5,broken clouds,2021-07-25 03:08:15
298,Dong Hoi,VN,17.4833,106.6,84.29,68,100,16.37,overcast clouds,2021-07-25 03:08:15
299,Havelock,US,34.8791,-76.9013,78.94,78,32,5.12,scattered clouds,2021-07-25 03:08:15
300,Simpang Empat,MY,4.95,100.6333,89.6,62,86,3.56,overcast clouds,2021-07-25 03:08:16
301,Burgeo,CA,47.6167,-57.6152,56.23,87,98,2.82,overcast clouds,2021-07-25 03:08:16
302,Katsuura,JP,35.1333,140.3,89.71,68,1,13.89,clear sky,2021-07-25 03:08:16
303,Trincomalee,LK,8.5711,81.2335,84.24,69,99,20.33,overcast clouds,2021-07-25 03:08:16
304,Port-Gentil,GA,-0.7193,8.7815,74.64,73,100,8.08,overcast clouds,2021-07-25 03:08:17
305,Halifax,CA,44.6453,-63.5724,61.21,89,2,4.36,clear sky,2021-07-25 03:03:38
306,Fukue,JP,32.6881,128.8419,80.04,76,100,17.78,moderate rain,2021-07-25 03:08:17
307,Bambanglipuro,ID,-7.95,110.2833,82.58,63,40,15.5,scattered clouds,2021-07-25 03:08:17
308,Marck,FR,50.949,1.9433,62.51,95,100,7.2,light rain,2021-07-25 03:08:18
309,Chapleau,CA,47.8405,-83.4034,60.82,99,7,7.52,clear sky,2021-07-25 03:08:18
310,Turiacu,BR,-1.6633,-45.3717,71.96,95,72,1.41,broken clouds,2021-07-25 03:08:18
311,Georgetown,MY,5.4112,100.3354,89.53,76,20,2.3,few clouds,2021-07-25 03:08:18
312,Bilma,NE,18.6853,12.9164,87.33,46,81,6.67,broken clouds,2021-07-25 03:08:19
313,Touros,BR,-5.1989,-35.4608,72.5,83,0,14.92,clear sky,2021-07-25 03:08:19
314,Surat Thani,TH,9.1667,99.25,86.11,68,99,9.1,overcast clouds,2021-07-25 03:08:19
315,Tessalit,ML,20.1986,1.0114,85.82,52,19,10.98,few clouds,2021-07-25 03:08:19
316,Qaqortoq,GL,60.7167,-46.0333,45.1,94,76,2.15,broken clouds,2021-07-25 03:08:20
317,Fare,PF,-16.7,-151.0167,77.92,71,18,10.18,few clouds,2021-07-25 03:08:20
318,Sambava,MG,-14.2667,50.1667,68.09,87,100,15.35,light rain,2021-07-25 03:08:20
319,Oksfjord,NO,70.2396,22.3479,48.27,97,100,4.16,overcast clouds,2021-07-25 03:08:21
320,Paita,PE,-5.0892,-81.1144,65.26,85,46,7.7,scattered clouds,2021-07-25 03:08:21
321,Keuruu,FI,62.2667,24.7,57.79,76,100,3.53,overcast clouds,2021-07-25 03:08:21
322,Kurilsk,RU,45.2333,147.8833,69.78,78,100,1.25,overcast clouds,2021-07-25 03:08:21
323,Urubicha,BO,-15.3833,-62.95,70.3,54,0,1.74,clear sky,2021-07-25 03:08:22
324,Muros,ES,42.7762,-9.0603,64.24,93,80,4.07,broken clouds,2021-07-25 03:08:22
325,Timizart,DZ,36.8,4.2667,80.38,42,23,4.9,few clouds,2021-07-25 03:08:22
326,Uray,RU,60.1247,64.7758,54.97,71,98,10.89,overcast clouds,2021-07-25 03:08:23
327,Beaverlodge,CA,55.2166,-119.4361,65.46,46,84,9.24,broken clouds,2021-07-25 03:08:23
328,Namie,JP,37.4833,141.0,95.77,70,7,1.01,clear sky,2021-07-25 03:08:23
329,Srandakan,ID,-7.9386,110.2506,82.63,63,43,15.19,scattered clouds,2021-07-25 03:08:24
330,Honningsvag,NO,70.9821,25.9704,45.43,80,100,20.49,overcast clouds,2021-07-25 03:08:24
331,Santa Maria,BR,-29.6842,-53.8069,65.25,62,83,5.59,broken clouds,2021-07-25 03:07:08
332,Birao,CF,10.2849,22.7882,69.64,95,100,3.44,light rain,2021-07-25 03:08:24
333,New Norfolk,AU,-42.7826,147.0587,44.1,70,68,11.54,broken clouds,2021-07-25 03:08:24
334,Port Blair,IN,11.6667,92.75,83.07,82,100,20.58,overcast clouds,2021-07-25 03:08:25
335,Faya,SA,18.3851,42.4509,63.12,79,39,3.53,scattered clouds,2021-07-25 03:08:25
336,Caramay,PH,10.1815,119.236,86.79,63,100,8.39,overcast clouds,2021-07-25 03:08:25
337,Roald,NO,62.5833,6.1333,62.17,94,90,0.0,mist,2021-07-25 03:08:25
338,Tilichiki,RU,60.4667,166.1,56.26,86,100,5.32,overcast clouds,2021-07-25 03:08:26
339,Majene,ID,-3.5403,118.9707,82.36,69,77,12.24,broken clouds,2021-07-25 03:08:26
340,Vardo,NO,70.3705,31.1107,46.18,84,97,24.32,overcast clouds,2021-07-25 03:08:26
341,Constitucion,CL,-35.3333,-72.4167,51.24,88,100,16.89,overcast clouds,2021-07-25 03:08:27
342,Skowhegan,US,44.7651,-69.7192,62.58,86,73,3.56,broken clouds,2021-07-25 03:08:00
343,Mehamn,NO,71.0357,27.8492,44.47,84,100,20.8,overcast clouds,2021-07-25 03:08:27
344,Sulina,RO,45.1559,29.6536,66.87,67,0,7.45,clear sky,2021-07-25 03:08:27
345,Katherine,AU,-14.4667,132.2667,88.12,30,87,5.75,overcast clouds,2021-07-25 03:08:28
346,Healdsburg,US,38.6105,-122.8692,84.69,64,1,3.0,clear sky,2021-07-25 03:08:28
347,Westport,US,41.1415,-73.3579,75.06,86,1,5.01,clear sky,2021-07-25 03:08:28
348,Lumberton,US,34.6182,-79.0086,79.34,75,94,7.76,overcast clouds,2021-07-25 03:08:28
349,Kathmandu,NP,27.7167,85.3167,77.22,83,75,3.44,broken clouds,2021-07-25 03:08:29
350,Tiksi,RU,71.6872,128.8694,44.94,76,78,6.13,broken clouds,2021-07-25 03:08:29
351,Ambilobe,MG,-13.2,49.05,64.92,74,78,2.82,broken clouds,2021-07-25 03:08:29
352,Micomeseng,GQ,2.1462,10.6164,67.35,98,92,2.19,overcast clouds,2021-07-25 03:08:30
353,Vao,NC,-22.6667,167.4833,72.36,80,10,7.4,clear sky,2021-07-25 03:08:30
354,Zhigansk,RU,66.7697,123.3711,67.44,49,18,16.26,few clouds,2021-07-25 03:05:27
355,San Benito,US,36.6166,-121.0844,64.51,45,84,5.7,broken clouds,2021-07-25 03:08:30
356,Tanabi,BR,-20.6264,-49.6492,61.34,44,0,6.69,clear sky,2021-07-25 03:08:30
357,Flinders,AU,-34.5833,150.8552,58.37,46,4,11.01,clear sky,2021-07-25 03:08:31
358,Rawson,AR,-43.3002,-65.1023,46.24,46,100,17.96,overcast clouds,2021-07-25 03:08:31
359,Ogbomosho,NG,8.133,4.25,69.15,94,95,5.19,overcast clouds,2021-07-25 03:08:31
360,Takab,IR,36.4009,47.1133,73.56,26,2,3.24,clear sky,2021-07-25 03:08:32
361,Atar,MR,20.5169,-13.0499,88.48,30,98,8.01,overcast clouds,2021-07-25 03:08:32
362,General Jose Eduvigis Diaz,PY,-27.1667,-58.4167,75.02,42,61,13.56,broken clouds,2021-07-25 03:08:32
363,Vallenar,CL,-28.5708,-70.7581,51.01,69,0,2.35,clear sky,2021-07-25 03:08:33
364,Oum Hadjer,TD,13.2954,19.6966,79.34,73,100,2.95,overcast clouds,2021-07-25 03:08:33
365,Yulara,AU,-25.2406,130.9889,63.3,30,76,5.17,broken clouds,2021-07-25 03:08:33
366,Chingirlau,KZ,51.095,54.0814,68.72,48,61,5.88,broken clouds,2021-07-25 03:08:33
367,Gamba,GA,-2.65,10.0,70.2,86,94,2.66,overcast clouds,2021-07-25 03:08:34
368,Gilgit,PK,35.9221,74.3087,89.33,37,9,0.85,clear sky,2021-07-25 03:08:34
369,Petropavlovsk-Kamchatskiy,RU,53.0452,158.6483,70.39,68,20,13.42,few clouds,2021-07-25 03:08:34
370,Huayucachi,PE,-12.1333,-75.2333,47.68,80,27,1.83,scattered clouds,2021-07-25 03:08:34
371,Beidao,CN,34.5686,105.8933,77.74,71,99,3.65,overcast clouds,2021-07-25 03:08:35
372,Kerema,PG,-7.9631,145.7785,81.48,76,24,7.9,few clouds,2021-07-25 03:08:35
373,Fomboni,KM,-12.28,43.7425,75.33,74,15,24.76,light rain,2021-07-25 03:08:35
374,Vuktyl,RU,63.8567,57.3094,43.59,93,87,8.08,overcast clouds,2021-07-25 03:08:35
375,Dudinka,RU,69.4058,86.1778,46.96,89,100,7.58,light rain,2021-07-25 03:08:36
376,Santa Isabel Do Rio Negro,BR,-0.4139,-65.0192,72.86,98,100,1.97,overcast clouds,2021-07-25 03:08:36
377,Saint-Pierre,RE,-21.3393,55.4781,65.84,79,90,4.61,overcast clouds,2021-07-25 03:08:36
378,Sao Sebastiao,BR,-23.76,-45.4097,62.64,68,0,4.23,clear sky,2021-07-25 03:08:37
379,Tura,IN,25.5198,90.2201,81.12,83,93,6.29,overcast clouds,2021-07-25 03:08:37
380,Namatanai,PG,-3.6667,152.4333,85.26,68,9,2.26,clear sky,2021-07-25 03:08:37
381,Jinji,CN,23.2281,110.8261,90.66,61,35,5.01,scattered clouds,2021-07-25 03:08:37
382,Khairagarh,IN,26.95,77.8167,90.34,60,2,12.8,clear sky,2021-07-25 03:08:38
383,Baoqing,CN,46.3317,132.2111,98.67,30,79,8.7,broken clouds,2021-07-25 03:08:38
384,Praia,CV,14.9215,-23.5087,75.74,73,75,9.22,broken clouds,2021-07-25 03:08:38
385,Baiyin,CN,36.5583,104.2081,76.51,52,61,22.7,broken clouds,2021-07-25 03:08:38
386,Pontal Do Parana,BR,-25.6533,-48.5128,60.46,93,5,2.44,clear sky,2021-07-25 03:08:39
387,Singapore,SG,1.2897,103.8501,87.84,70,75,10.36,broken clouds,2021-07-25 03:04:02
388,Mbandaka,CD,0.0487,18.2603,72.93,65,100,4.05,overcast clouds,2021-07-25 03:08:39
389,Ewa Beach,US,21.3156,-158.0072,87.75,61,40,12.66,scattered clouds,2021-07-25 03:04:15
390,Husavik,IS,66.0449,-17.3389,50.81,87,57,1.34,broken clouds,2021-07-25 03:08:40
391,Banepa,NP,27.6298,85.5214,75.52,83,75,3.44,broken clouds,2021-07-25 03:08:40
392,Iwanai,JP,42.9744,140.5089,86.63,58,19,3.98,few clouds,2021-07-25 03:08:40
393,Sept-Iles,CA,50.2001,-66.3821,61.32,93,75,1.01,broken clouds,2021-07-25 03:08:40
394,Geraldton,AU,-28.7667,114.6,66.13,72,75,6.91,broken clouds,2021-07-25 03:08:41
395,Lucea,JM,18.451,-78.1736,80.85,75,56,3.04,broken clouds,2021-07-25 03:08:41
396,Bumba,CD,2.1833,22.4667,72.5,80,46,1.97,scattered clouds,2021-07-25 03:08:41
397,Bad Aussee,AT,47.61,13.7824,62.58,100,49,3.76,scattered clouds,2021-07-25 03:08:41
398,Sao Filipe,CV,14.8961,-24.4956,73.42,76,33,5.57,scattered clouds,2021-07-25 03:08:42
399,Ciudad Guayana,VE,8.3533,-62.6528,74.46,96,100,3.09,overcast clouds,2021-07-25 03:08:42
400,San Julian,MX,21.0167,-102.1667,58.77,80,91,3.85,overcast clouds,2021-07-25 03:08:42
401,Koslan,RU,63.4564,48.8989,46.02,95,100,5.77,overcast clouds,2021-07-25 03:08:42
402,Gravdal,NO,68.1214,13.5031,52.11,96,100,9.89,overcast clouds,2021-07-25 03:08:43
403,Labuan,MY,5.2767,115.2417,89.76,75,76,3.33,broken clouds,2021-07-25 03:08:43
404,Luwuk,ID,-0.9516,122.7875,84.54,63,85,7.76,overcast clouds,2021-07-25 03:08:43
405,Labuhan,ID,-6.8844,112.2051,84.25,60,2,5.37,clear sky,2021-07-25 03:08:44
406,Quatre Cocos,MU,-20.2078,57.7625,67.08,74,67,15.99,broken clouds,2021-07-25 03:08:44
407,Olga,RU,43.7444,135.2892,83.7,64,34,8.9,scattered clouds,2021-07-25 03:08:44
408,Les Cayes,HT,18.2,-73.75,78.8,86,99,2.93,overcast clouds,2021-07-25 03:08:45
409,Karasjok,NO,69.4719,25.5112,46.51,79,100,6.11,overcast clouds,2021-07-25 03:08:45
410,Lagoa,PT,39.05,-27.9833,68.14,84,98,17.05,overcast clouds,2021-07-25 03:08:45
411,Port Lincoln,AU,-34.7333,135.8667,59.13,74,44,27.11,scattered clouds,2021-07-25 03:08:45
412,Lesogorsk,RU,56.0458,99.5136,81.82,34,13,8.81,few clouds,2021-07-25 03:08:46
413,Baglung,NP,28.2719,83.5898,76.1,91,99,1.74,light rain,2021-07-25 03:08:46
414,Puerto Colombia,CO,10.9878,-74.9547,75.29,82,100,3.69,overcast clouds,2021-07-25 03:08:46
415,Alofi,NU,-19.0595,-169.9187,78.03,78,14,9.57,few clouds,2021-07-25 03:08:47
416,Gainesville,US,29.6516,-82.3248,78.85,72,1,0.0,clear sky,2021-07-25 03:06:34
417,Altay,CN,47.8667,88.1167,77.0,39,2,5.23,clear sky,2021-07-25 03:08:47
418,Englehart,CA,47.8169,-79.8664,64.96,100,75,4.61,broken clouds,2021-07-25 03:08:47
419,Saint Anthony,US,45.0205,-93.218,79.32,43,1,4.61,clear sky,2021-07-25 03:08:48
420,Leh,IN,34.1667,77.5833,71.35,37,83,3.74,broken clouds,2021-07-25 03:06:07
421,Pringsewu,ID,-5.3582,104.9744,86.02,62,1,3.98,clear sky,2021-07-25 03:08:48
422,Bure,ET,10.7,37.0667,57.16,99,100,1.39,moderate rain,2021-07-25 03:08:48
423,Lasem,ID,-6.6922,111.4527,84.67,55,0,10.98,clear sky,2021-07-25 03:08:49
424,Sur,OM,22.5667,59.5289,89.22,59,62,7.92,broken clouds,2021-07-25 03:08:49
425,Ayan,RU,56.45,138.1667,59.86,89,85,5.03,overcast clouds,2021-07-25 03:08:49
426,Fenyi,CN,27.8112,114.6681,89.55,54,19,4.97,few clouds,2021-07-25 03:08:50
427,Jalna,IN,19.8333,75.8833,77.04,81,100,16.08,overcast clouds,2021-07-25 03:08:51
428,Beaufort,MY,5.3473,115.7455,89.94,57,98,1.86,overcast clouds,2021-07-25 03:08:53
429,Mamontovo,RU,52.7055,81.6244,75.52,63,5,1.23,clear sky,2021-07-25 03:08:54
430,Paducah,US,37.0834,-88.6001,81.37,86,1,3.44,clear sky,2021-07-25 03:08:54
431,Nemuro,JP,43.3236,145.575,65.77,93,92,11.92,overcast clouds,2021-07-25 03:08:54
432,Nichinan,JP,31.6,131.3667,81.57,73,97,13.71,overcast clouds,2021-07-25 03:08:55
433,Praia Da Vitoria,PT,38.7333,-27.0667,70.75,83,46,15.93,scattered clouds,2021-07-25 03:08:55
434,Itaituba,BR,-4.2761,-55.9836,81.16,51,98,2.33,overcast clouds,2021-07-25 03:08:55
435,Broome,US,42.2506,-75.833,74.61,67,90,1.99,overcast clouds,2021-07-25 03:08:56
436,Kargil,IN,34.5667,76.1,67.66,44,67,2.91,broken clouds,2021-07-25 03:08:56
437,Henties Bay,NA,-22.116,14.2845,68.09,24,0,17.16,clear sky,2021-07-25 03:08:56
438,Ponta Do Sol,PT,32.6667,-17.1,74.01,78,0,3.33,clear sky,2021-07-25 03:08:57
439,Ulladulla,AU,-35.35,150.4667,56.88,42,2,19.53,clear sky,2021-07-25 03:08:57
440,Panama City,PA,8.9936,-79.5197,79.38,91,100,1.01,overcast clouds,2021-07-25 03:08:57
441,Harbour Breton,CA,47.4833,-55.7983,53.15,89,20,8.68,few clouds,2021-07-25 03:08:57
442,Ahipara,NZ,-35.1667,173.1667,59.4,78,100,16.84,moderate rain,2021-07-25 03:08:58
443,Teruel,ES,40.6667,-0.6667,66.16,53,10,2.24,clear sky,2021-07-25 03:08:58
444,Videira,BR,-27.0083,-51.1517,52.57,84,18,3.13,few clouds,2021-07-25 03:08:58
445,High Level,CA,58.5169,-117.136,58.1,81,100,4.65,overcast clouds,2021-07-25 03:08:58
446,Pisco,PE,-13.7,-76.2167,62.65,82,90,4.61,overcast clouds,2021-07-25 03:08:59
447,Nekhayevskiy,RU,50.4106,41.7561,62.91,79,0,3.49,clear sky,2021-07-25 03:08:59
448,Ginda,IN,30.6945,78.4932,69.58,95,97,1.97,overcast clouds,2021-07-25 03:08:59
449,Vawkavysk,BY,53.1561,24.4513,64.45,74,79,4.23,broken clouds,2021-07-25 03:08:59
450,Simao,CN,22.7886,100.9748,68.34,98,100,0.67,light rain,2021-07-25 03:09:00
451,Ponta Delgada,PT,37.7333,-25.6667,72.32,83,40,2.3,scattered clouds,2021-07-25 03:09:00
452,Ngunguru,NZ,-35.6167,174.5,61.16,74,100,19.46,light rain,2021-07-25 03:09:00
453,Vihari,PK,30.0333,72.35,99.32,40,38,6.11,scattered clouds,2021-07-25 03:09:01
454,Fortuna Foothills,US,32.6578,-114.4119,93.25,52,1,1.01,clear sky,2021-07-25 03:09:01
455,Svetlaya,RU,46.5389,138.3297,77.56,78,80,11.27,broken clouds,2021-07-25 03:09:01
456,Olafsvik,IS,64.8945,-23.7142,49.71,78,97,10.63,overcast clouds,2021-07-25 03:09:01
457,Benton Harbor,US,42.1167,-86.4542,76.24,85,40,0.0,scattered clouds,2021-07-25 03:09:02
458,Maragogi,BR,-9.0122,-35.2225,74.19,84,67,14.74,broken clouds,2021-07-25 03:09:02
459,Bulolo,PG,-7.2,146.65,85.98,56,67,4.18,broken clouds,2021-07-25 03:09:02
460,Saryg-Sep,RU,51.5,95.6,60.6,97,100,0.72,overcast clouds,2021-07-25 03:09:03
461,Opuwo,NA,-18.0607,13.84,52.5,19,0,9.08,clear sky,2021-07-25 03:09:03
462,The Valley,AI,18.217,-63.0578,82.09,84,100,20.11,overcast clouds,2021-07-25 03:09:03
463,Codrington,AU,-38.2667,141.9667,48.18,82,100,15.39,overcast clouds,2021-07-25 03:09:03
464,Stokmarknes,NO,68.5646,14.9108,55.49,98,100,4.25,light rain,2021-07-25 03:09:04
465,Jak,HU,47.1425,16.5815,68.79,89,73,5.86,broken clouds,2021-07-25 03:09:04
466,Taksimo,RU,56.3444,114.8794,69.37,57,100,2.98,overcast clouds,2021-07-25 03:09:04
467,Camacha,PT,33.0833,-16.3333,70.54,78,40,9.22,scattered clouds,2021-07-25 03:09:05
468,Strezhevoy,RU,60.7333,77.5889,64.38,80,100,4.61,overcast clouds,2021-07-25 03:09:05
469,Kieta,PG,-6.2167,155.6333,81.0,81,79,9.51,light rain,2021-07-25 03:09:05
470,Abnub,EG,27.2696,31.1511,78.58,50,0,6.6,clear sky,2021-07-25 03:09:05
471,North Bend,US,43.4065,-124.2243,62.92,90,90,16.11,mist,2021-07-25 03:08:06
472,Safita,SY,34.8205,36.1153,72.52,84,62,2.64,broken clouds,2021-07-25 03:09:06
473,Rio Gallegos,AR,-51.6226,-69.2181,37.45,70,75,10.36,broken clouds,2021-07-25 03:09:06
474,Ingham,US,42.6,-84.3833,73.31,97,1,10.36,mist,2021-07-25 03:09:06
475,Houma,US,29.5958,-90.7195,87.8,77,45,4.25,scattered clouds,2021-07-25 03:08:31
476,Kholodnyy,RU,62.7167,147.95,56.97,92,100,14.38,moderate rain,2021-07-25 03:09:07
477,Amapa,BR,1.0,-52.0,70.65,95,34,1.9,scattered clouds,2021-07-25 03:09:07
478,Ambikapur,IN,23.1167,83.2,74.52,91,96,5.61,overcast clouds,2021-07-25 03:09:07
479,Grindavik,IS,63.8424,-22.4338,48.56,100,75,11.5,broken clouds,2021-07-25 03:04:12
480,Jutai,BR,-5.1833,-68.9,73.42,83,39,3.2,scattered clouds,2021-07-25 03:09:07
481,Abreus,CU,22.2775,-80.5675,79.11,89,100,5.26,overcast clouds,2021-07-25 03:09:08
482,Ishigaki,JP,24.3448,124.1572,84.24,84,100,19.73,overcast clouds,2021-07-25 03:09:08
483,Bengkulu,ID,-3.8004,102.2655,84.18,62,2,0.65,clear sky,2021-07-25 03:09:08
484,Hailey,US,43.5196,-114.3153,82.26,18,1,14.97,clear sky,2021-07-25 03:09:09
485,Dongsheng,CN,39.8161,109.9776,79.09,48,56,17.49,light rain,2021-07-25 03:09:09
486,Cabedelo,BR,-6.9811,-34.8339,70.47,85,21,11.68,few clouds,2021-07-25 03:09:09
487,Ruteng,ID,-8.6136,120.4721,74.14,45,72,1.48,broken clouds,2021-07-25 03:09:09
488,Ligayan,PH,4.6533,119.4706,84.43,79,93,16.4,overcast clouds,2021-07-25 03:09:10
489,Auki,SB,-8.7676,160.7034,84.78,66,72,4.18,moderate rain,2021-07-25 03:09:10
490,Rundu,NA,-17.9333,19.7667,48.52,60,0,7.9,clear sky,2021-07-25 03:09:10
491,Chicama,PE,-7.8447,-79.1469,64.6,83,31,6.49,scattered clouds,2021-07-25 03:09:10
492,Sheltozero,RU,61.3667,35.3667,56.64,69,100,9.15,overcast clouds,2021-07-25 03:09:11
493,Elizabeth City,US,36.2946,-76.2511,77.02,76,1,4.61,clear sky,2021-07-25 03:06:01
494,Kirensk,RU,57.7853,108.1119,81.48,39,10,7.85,clear sky,2021-07-25 03:09:11
495,Bray,IE,53.2028,-6.0983,56.01,94,57,3.56,broken clouds,2021-07-25 03:09:11
496,Ulety,RU,51.3572,112.4849,72.57,43,53,7.05,broken clouds,2021-07-25 03:09:12
497,Groningen,NL,53.25,6.75,67.03,78,75,1.01,heavy intensity drizzle,2021-07-25 03:09:12
498,Papetoai,PF,-17.4961,-149.8729,78.39,71,42,7.23,scattered clouds,2021-07-25 03:09:12
499,Omama,JP,36.4333,139.2833,93.83,51,43,4.52,scattered clouds,2021-07-25 03:09:13
500,Logan Lake,CA,50.4998,-120.8025,75.4,40,42,6.22,scattered clouds,2021-07-25 03:09:13
501,Brae,GB,60.3964,-1.353,55.31,80,99,6.11,overcast clouds,2021-07-25 03:09:13
502,Bordighera,IT,43.7806,7.6645,77.49,54,70,5.99,broken clouds,2021-07-25 03:09:13
503,Kabinda,CD,-6.1333,24.4833,64.6,40,8,6.22,clear sky,2021-07-25 03:09:14
504,Mattru,SL,7.6244,-11.8332,71.49,96,97,1.25,overcast clouds,2021-07-25 03:09:14
505,Gao,ML,16.6362,1.637,77.77,70,68,7.27,broken clouds,2021-07-25 03:09:14
506,Skibbereen,IE,51.55,-9.2667,62.4,93,9,4.05,clear sky,2021-07-25 03:09:15
507,Magangue,CO,9.242,-74.7547,75.76,94,100,6.15,overcast clouds,2021-07-25 03:09:15
508,Garoua Boulai,CM,5.8833,14.55,61.7,99,71,3.13,light rain,2021-07-25 03:09:15
509,La Paz,BO,-16.5,-68.15,40.98,48,40,2.3,scattered clouds,2021-07-25 03:05:03
510,Lorengau,PG,-2.0226,147.2712,85.03,65,40,5.14,scattered clouds,2021-07-25 03:09:15
511,Phayakkhaphum Phisai,TH,15.5163,103.1937,76.41,94,100,21.05,light rain,2021-07-25 03:09:16
512,Coffs Harbour,AU,-30.3,153.1333,68.13,28,1,8.05,clear sky,2021-07-25 03:09:16
513,Leninskoye,KZ,41.7589,69.3864,85.93,10,0,0.92,clear sky,2021-07-25 03:09:16
514,Kangaatsiaq,GL,68.3065,-53.4641,39.83,92,94,9.35,overcast clouds,2021-07-25 03:09:17
515,Imbituba,BR,-28.24,-48.6703,64.29,74,1,7.58,clear sky,2021-07-25 03:09:17
516,Smithers,CA,54.7804,-127.1743,64.92,53,100,5.75,overcast clouds,2021-07-25 03:05:02
517,Port Keats,AU,-14.25,129.55,91.56,25,46,2.64,scattered clouds,2021-07-25 03:09:17
518,Krasnoselkup,RU,65.7,82.4667,69.08,77,100,12.03,overcast clouds,2021-07-25 03:09:18
519,Boa Vista,BR,2.8197,-60.6733,80.58,78,75,2.3,broken clouds,2021-07-25 03:09:18
520,Peace River,CA,56.2501,-117.286,66.6,62,13,2.3,few clouds,2021-07-25 03:09:18
521,Chapadinha,BR,-3.7417,-43.3603,69.44,90,23,2.57,few clouds,2021-07-25 03:09:18
522,Puerto Baquerizo Moreno,EC,-0.9,-89.6,71.83,78,13,12.93,few clouds,2021-07-25 03:09:19
523,Zaraza,VE,9.3503,-65.3245,73.15,98,100,1.03,overcast clouds,2021-07-25 03:09:19
524,Narsaq,GL,60.9167,-46.05,44.82,87,83,4.45,broken clouds,2021-07-25 03:09:19
525,Agadir,MA,30.4202,-9.5982,68.45,75,4,2.82,clear sky,2021-07-25 03:09:19
526,Bocaiuva,BR,-17.1078,-43.815,55.49,79,0,5.26,clear sky,2021-07-25 03:06:07
527,Garissa,KE,-0.4536,39.6401,72.32,72,52,18.68,broken clouds,2021-07-25 03:09:20
528,Severomuysk,RU,56.1481,113.4267,54.82,69,100,6.29,overcast clouds,2021-07-25 03:09:20
529,Nome,US,64.5011,-165.4064,50.07,87,90,12.66,light rain,2021-07-25 03:09:20
530,Ouro Branco,BR,-20.5208,-43.6919,49.84,81,0,2.66,clear sky,2021-07-25 03:09:21
531,Lincoln,US,40.8,-96.667,81.39,85,1,0.0,clear sky,2021-07-25 03:05:44
532,Aksum,ET,14.1245,38.7244,56.01,94,95,1.77,overcast clouds,2021-07-25 03:09:21
533,Verkhoyansk,RU,67.5447,133.385,74.3,41,13,15.08,few clouds,2021-07-25 03:09:21
534,Vadlapudi,IN,14.3167,79.8,88.45,52,100,14.29,overcast clouds,2021-07-25 03:09:21
535,Chemainus,CA,48.9163,-123.7194,74.08,68,1,3.02,clear sky,2021-07-25 03:09:22
536,Kota Kinabalu,MY,5.9749,116.0724,87.78,74,20,3.44,few clouds,2021-07-25 03:09:22
537,Luderitz,NA,-26.6481,15.1594,64.44,20,16,15.1,few clouds,2021-07-25 03:09:22
538,Labe,GN,11.3182,-12.2833,64.89,98,100,4.16,moderate rain,2021-07-25 03:09:23
539,Ketchikan,US,55.3422,-131.6461,57.67,77,90,8.05,overcast clouds,2021-07-25 03:09:23
540,Tongliao,CN,43.6125,122.2653,87.42,55,100,15.01,overcast clouds,2021-07-25 03:09:23
541,Mugur-Aksy,RU,50.35,90.5,58.39,69,99,3.74,overcast clouds,2021-07-25 03:09:23
542,Kodinar,IN,20.7903,70.7031,81.75,82,100,18.68,overcast clouds,2021-07-25 03:09:24
543,Savonlinna,FI,61.8699,28.88,57.25,87,0,2.3,clear sky,2021-07-25 03:09:24
544,Laja,CL,-37.2667,-72.7,52.59,83,100,9.66,overcast clouds,2021-07-25 03:06:47
545,Basar,IN,27.9833,94.6667,74.66,94,98,1.28,overcast clouds,2021-07-25 03:09:24
546,Nhulunbuy,AU,-12.2333,136.7667,84.81,54,40,12.66,scattered clouds,2021-07-25 03:09:25
547,Sitka,US,57.0531,-135.33,57.09,77,75,0.0,light rain,2021-07-25 03:09:25
548,Banamba,ML,13.55,-7.45,77.79,77,71,9.69,broken clouds,2021-07-25 03:09:25
549,Pacific Grove,US,36.6177,-121.9166,74.25,87,1,1.99,clear sky,2021-07-25 03:09:25
550,Baykit,RU,61.67,96.37,82.83,39,7,3.98,clear sky,2021-07-25 03:09:26
551,Jiuquan,CN,39.7432,98.5174,82.33,34,97,2.93,overcast clouds,2021-07-25 03:09:26
552,Salalah,OM,17.0151,54.0924,78.89,94,90,8.05,light intensity drizzle,2021-07-25 03:09:26
553,Huaicheng,CN,23.9051,112.1931,94.91,48,24,1.97,few clouds,2021-07-25 03:09:27
554,Meulaboh,ID,4.1363,96.1285,82.74,69,97,2.66,overcast clouds,2021-07-25 03:09:27
555,Adrar,MR,20.5022,-10.0711,89.67,22,73,9.24,broken clouds,2021-07-25 03:09:27
556,Sistranda,NO,63.7256,8.834,56.89,89,98,6.89,overcast clouds,2021-07-25 03:09:27
557,Ritchie,ZA,-29.038,24.6028,35.76,41,0,7.11,clear sky,2021-07-25 03:09:28
558,Aykhal,RU,66.0,111.5,77.68,47,0,15.61,clear sky,2021-07-25 03:09:28
559,Sola,VU,-13.8833,167.55,80.4,75,32,8.52,scattered clouds,2021-07-25 03:09:28
560,Grand Baie,MU,-20.0182,57.5802,67.44,77,14,5.01,few clouds,2021-07-25 03:09:29
561,Koudougou,BF,12.25,-2.3667,77.97,71,88,6.73,overcast clouds,2021-07-25 03:09:29
562,Arman,RU,59.7,150.1667,56.37,91,100,6.71,overcast clouds,2021-07-25 03:09:29
563,Poum,NC,-20.2333,164.0167,73.99,74,16,4.43,few clouds,2021-07-25 03:09:29
564,Merrill,US,45.1805,-89.6835,68.81,92,1,0.0,clear sky,2021-07-25 03:07:26
565,Guerrero Negro,MX,27.9769,-114.0611,69.17,84,96,13.8,overcast clouds,2021-07-25 03:09:30
566,Fevik,NO,58.3794,8.6766,62.62,64,4,8.52,clear sky,2021-07-25 03:09:30
567,Vila,PT,42.0304,-8.1588,50.88,92,100,2.21,overcast clouds,2021-07-25 03:09:30
568,Cienfuegos,CU,22.1461,-80.4356,78.94,83,100,5.75,overcast clouds,2021-07-25 03:09:31
569,Sehithwa,BW,-20.4667,22.7167,48.47,64,0,10.63,clear sky,2021-07-25 03:09:31
570,Santa Catarina De Tepehuanes,MX,25.35,-105.7333,69.49,63,100,3.33,overcast clouds,2021-07-25 03:09:31
571,Chuy,UY,-33.6971,-53.4616,57.0,81,100,5.77,overcast clouds,2021-07-25 03:09:32
572,Safford,US,32.834,-109.7076,74.52,94,90,4.61,overcast clouds,2021-07-25 03:09:32
573,Jinxiang,CN,27.4327,120.6062,85.89,66,100,15.01,light rain,2021-07-25 03:09:32
574,Hoa Binh,VN,20.8133,105.3383,87.69,75,81,1.97,broken clouds,2021-07-25 03:09:32
575,Ternate,ID,0.8,127.4,83.98,74,86,12.1,overcast clouds,2021-07-25 03:09:33
576,Sakakah,SA,29.9697,40.2064,84.87,29,4,7.05,clear sky,2021-07-25 03:09:33
577,Turkistan,KZ,43.0,68.0,92.34,16,0,5.28,clear sky,2021-07-25 03:09:33
578,Ribas Do Rio Pardo,BR,-20.4431,-53.7592,66.69,44,0,6.35,clear sky,2021-07-25 03:09:34
579,Yinchuan,CN,38.4681,106.2731,82.9,48,100,8.12,overcast clouds,2021-07-25 03:09:34
580,Margate,GB,51.3813,1.3862,64.69,90,91,6.31,overcast clouds,2021-07-25 03:09:34
581,Presque Isle,US,46.6811,-68.0159,66.63,82,1,0.0,clear sky,2021-07-25 03:07:36
582,Lermontovka,RU,47.1453,134.3383,94.28,37,92,9.95,overcast clouds,2021-07-25 03:09:35
583,Tarko-Sale,RU,64.9225,77.785,57.54,87,100,9.31,overcast clouds,2021-07-25 03:09:35
584,Neiafu,TO,-18.65,-173.9833,79.48,89,75,5.75,light rain,2021-07-25 03:09:35
585,Lakhdenpokhya,RU,61.5198,30.1992,59.83,78,37,4.21,scattered clouds,2021-07-25 03:09:36
586,Griffith,US,41.5284,-87.4237,81.05,92,1,1.01,clear sky,2021-07-25 03:09:36
587,Arinos,BR,-15.9169,-46.1056,60.76,57,0,2.15,clear sky,2021-07-25 03:09:36
588,San Jose,US,37.3394,-121.895,81.72,58,40,4.0,scattered clouds,2021-07-25 03:07:10
589,Waingapu,ID,-9.6567,120.2641,84.45,51,59,10.83,broken clouds,2021-07-25 03:09:37
590,Warmbad,NA,-28.45,18.7333,48.02,25,20,17.11,few clouds,2021-07-25 03:09:38
591,Monte Siao,BR,-22.4325,-46.5725,53.29,49,0,5.57,clear sky,2021-07-25 03:09:38
592,Atambua,ID,-9.1061,124.8925,83.95,37,14,2.93,few clouds,2021-07-25 03:09:38
593,Greenfield,US,42.9614,-88.0126,77.83,75,1,0.0,clear sky,2021-07-25 03:09:39
594,Alihe,CN,50.5667,123.7167,76.78,49,24,7.18,few clouds,2021-07-25 03:09:39
595,Walvis Bay,NA,-22.9575,14.5053,65.8,18,0,13.15,clear sky,2021-07-25 03:09:39
596,Mocajuba,BR,-2.5842,-49.5072,73.08,69,100,2.66,overcast clouds,2021-07-25 03:09:40
597,Sohag,EG,26.557,31.6948,80.44,34,0,6.44,clear sky,2021-07-25 03:09:40
598,Lafia,NG,8.4833,8.5167,69.75,96,37,3.58,scattered clouds,2021-07-25 03:09:40
599,Moranbah,AU,-22.0016,148.0466,73.69,23,3,9.62,clear sky,2021-07-25 03:09:40
600,Belz,FR,47.6751,-3.168,61.09,95,74,1.01,broken clouds,2021-07-25 03:09:41
601,Kalabo,ZM,-14.97,22.6814,53.31,78,0,9.66,clear sky,2021-07-25 03:09:41
602,Tezu,IN,27.9167,96.1667,81.61,87,94,2.59,overcast clouds,2021-07-25 03:09:41
603,Lisakovsk,KZ,52.5369,62.4936,68.04,60,0,9.19,clear sky,2021-07-25 03:09:42
604,Xining,CN,36.6167,101.7667,62.13,97,100,7.05,overcast clouds,2021-07-25 03:09:42
605,Neuquen,AR,-38.9516,-68.0591,37.29,70,0,0.0,clear sky,2021-07-25 03:09:16
606,Berlevag,NO,70.8578,29.0864,45.09,84,100,23.69,overcast clouds,2021-07-25 03:09:42
607,Tahe,CN,52.3333,124.7333,77.61,44,20,5.66,few clouds,2021-07-25 03:09:42
608,Vanimo,PG,-2.6741,141.3028,72.81,92,100,8.57,overcast clouds,2021-07-25 03:09:43
609,Struer,DK,56.4912,8.5838,64.11,88,67,13.0,broken clouds,2021-07-25 03:09:43
610,Matadi,CD,-5.8167,13.45,71.02,89,73,2.82,broken clouds,2021-07-25 03:09:43
611,Kichmengskiy Gorodok,RU,59.9816,45.7854,50.07,70,100,4.72,overcast clouds,2021-07-25 03:09:44
612,Garowe,SO,8.4054,48.4845,74.37,51,99,23.4,overcast clouds,2021-07-25 03:09:44
613,Beni,CD,0.5,29.4667,61.36,90,70,1.92,broken clouds,2021-07-25 03:09:44
614,Bucerias,MX,20.75,-105.3333,79.23,85,86,2.01,overcast clouds,2021-07-25 03:09:44
615,Alyangula,AU,-13.8483,136.4192,79.41,68,19,8.39,few clouds,2021-07-25 03:09:45
616,Cockburn Town,TC,21.4612,-71.1419,81.66,81,100,16.35,overcast clouds,2021-07-25 03:05:00
617,Malaya Vishera,RU,58.8454,32.2222,51.93,72,12,1.83,few clouds,2021-07-25 03:09:45
618,San Carlos De Bariloche,AR,-41.1456,-71.3082,38.95,81,75,5.75,broken clouds,2021-07-25 03:09:45
619,Dunedin,NZ,-45.8742,170.5036,48.79,61,100,20.0,light rain,2021-07-25 03:06:55
620,Marzuq,YE,14.4,46.4667,71.71,83,94,8.41,overcast clouds,2021-07-25 03:09:46
621,San Jose De Sisa,PE,-6.6167,-76.6915,71.69,82,7,3.76,clear sky,2021-07-25 03:09:46
622,Sao Felix Do Xingu,BR,-6.6447,-51.995,71.82,54,37,1.57,scattered clouds,2021-07-25 03:09:46
623,Teahupoo,PF,-17.8333,-149.2667,73.36,75,28,7.45,scattered clouds,2021-07-25 03:09:47
624,Kargat,RU,55.1956,80.2811,74.37,60,13,3.74,few clouds,2021-07-25 03:09:47
625,Ojinaga,MX,29.5667,-104.4167,92.41,35,40,8.05,scattered clouds,2021-07-25 03:08:08
626,Cauquenes,CL,-35.9671,-72.3225,48.92,83,100,12.91,overcast clouds,2021-07-25 03:09:47
627,Tromso,NO,69.6496,18.957,52.45,93,90,3.44,mist,2021-07-25 03:09:47
628,Anzio,IT,41.4853,12.6179,76.86,97,7,13.67,clear sky,2021-07-25 03:09:48
629,Eydhafushi,MV,5.1033,73.0708,81.46,78,100,11.74,overcast clouds,2021-07-25 03:09:48
630,Coari,BR,-4.085,-63.1414,76.39,75,54,1.23,broken clouds,2021-07-25 03:09:48
631,Tual,ID,-5.6667,132.75,80.29,74,96,9.4,overcast clouds,2021-07-25 03:09:48
632,Santa Catarina Mita,GT,14.45,-89.75,67.87,95,100,5.73,overcast clouds,2021-07-25 03:09:49
633,Manadhoo,MV,5.7667,73.3833,80.83,80,100,14.47,moderate rain,2021-07-25 03:09:49
634,Zykovo,RU,55.9519,93.1461,72.34,53,12,5.53,few clouds,2021-07-25 03:09:50
635,Santa Rosa,PH,14.3122,121.1114,80.91,90,100,19.04,overcast clouds,2021-07-25 03:09:50
636,Boguchany,RU,58.3814,97.4531,82.17,39,4,6.53,clear sky,2021-07-25 03:09:50
637,Piracanjuba,BR,-17.3028,-49.0167,61.75,45,0,7.92,clear sky,2021-07-25 03:05:09
638,Ambulu,ID,-8.345,113.6058,82.74,57,5,5.53,clear sky,2021-07-25 03:09:50
639,Senanga,ZM,-16.1167,23.2667,49.44,90,0,6.13,clear sky,2021-07-25 03:09:51
640,Hay River,CA,60.8156,-115.7999,52.14,64,58,1.95,broken clouds,2021-07-25 03:09:51
641,Zhuanghe,CN,39.7008,122.9911,83.43,63,17,5.88,few clouds,2021-07-25 03:09:51
642,Ifanadiana,MG,-21.3,47.6333,57.0,96,100,4.56,overcast clouds,2021-07-25 03:09:51
643,Challakere,IN,14.3167,76.65,75.15,78,92,20.6,overcast clouds,2021-07-25 03:09:52
644,Nyaunglebin,MM,17.95,96.7333,82.99,81,99,4.0,overcast clouds,2021-07-25 03:09:52
645,San Patricio,US,28.017,-97.5169,84.29,77,2,12.15,clear sky,2021-07-25 03:09:41
646,Kocevje,SI,45.6433,14.8633,68.92,85,47,3.78,scattered clouds,2021-07-25 03:09:52
647,Chipinge,ZW,-20.1883,32.6236,47.08,91,85,5.32,overcast clouds,2021-07-25 03:09:53
648,Morro Bay,US,35.3658,-120.8499,76.19,83,41,1.01,scattered clouds,2021-07-25 03:09:53
649,Jati,PK,24.3539,68.2671,85.19,73,99,20.67,overcast clouds,2021-07-25 03:09:53
650,Kochevo,RU,59.5994,54.3125,49.95,62,40,5.41,scattered clouds,2021-07-25 03:09:54
651,Teguldet,RU,57.3064,88.1667,76.42,51,100,6.15,overcast clouds,2021-07-25 03:09:54
652,Lasa,IT,46.6166,10.7002,65.03,95,85,3.18,overcast clouds,2021-07-25 03:09:54
653,Monrovia,LR,6.3005,-10.7969,76.51,77,100,8.21,overcast clouds,2021-07-25 03:09:54
654,Dzilam Gonzalez,MX,21.2833,-88.9333,76.84,92,100,3.6,overcast clouds,2021-07-25 03:09:55
655,Peleduy,RU,59.6289,112.7406,81.63,37,84,8.32,broken clouds,2021-07-25 03:09:55
656,Tecoanapa,MX,16.5167,-98.75,81.79,81,96,5.32,overcast clouds,2021-07-25 03:09:55
657,Bugarama,TZ,-2.8706,30.5281,57.25,52,23,3.49,few clouds,2021-07-25 03:09:55
658,Loknya,RU,56.83,30.1467,53.13,73,3,3.09,clear sky,2021-07-25 03:09:56
659,Zelino,MK,41.9803,21.0642,56.52,60,0,3.83,clear sky,2021-07-25 03:09:56
660,Havre-Saint-Pierre,CA,50.2334,-63.5986,56.8,90,15,3.76,few clouds,2021-07-25 03:09:56
661,Crotone,IT,39.0851,17.1178,71.92,62,0,4.16,clear sky,2021-07-25 03:09:56
662,Rantepao,ID,-2.9701,119.8978,80.29,52,74,4.18,broken clouds,2021-07-25 03:09:57
663,Zhanaozen,KZ,43.3,52.8,80.31,50,7,18.16,clear sky,2021-07-25 03:09:58
664,Gorontalo,ID,0.5412,123.0595,86.88,56,89,8.01,overcast clouds,2021-07-25 03:09:58
665,Andenes,NO,69.3143,16.1194,55.08,94,90,16.11,overcast clouds,2021-07-25 03:09:58
666,Tsaratanana,MG,-16.7833,47.65,61.97,84,49,9.64,scattered clouds,2021-07-25 03:09:59
667,Anderson,US,34.5334,-82.6499,79.18,91,75,1.01,broken clouds,2021-07-25 03:09:03
668,Tyukalinsk,RU,55.8732,72.1967,70.25,78,100,6.06,overcast clouds,2021-07-25 03:09:59
669,Avera,US,33.194,-82.5271,81.54,64,97,10.54,overcast clouds,2021-07-25 03:09:59
670,Plettenberg Bay,ZA,-34.0527,23.3716,51.89,38,8,6.22,clear sky,2021-07-25 03:09:59
671,Saint-Louis,SN,16.3333,-15.0,78.91,66,84,13.56,broken clouds,2021-07-25 03:10:00
672,Kinkala,CG,-4.3614,14.7644,64.78,83,0,5.37,clear sky,2021-07-25 03:10:00
673,Gondar,ET,12.6,37.4667,56.84,98,100,1.77,light rain,2021-07-25 03:10:00
674,Richards Bay,ZA,-28.783,32.0377,52.7,77,15,4.52,few clouds,2021-07-25 03:10:01
675,Dobrinka,RU,52.1653,40.4731,61.66,64,100,3.67,overcast clouds,2021-07-25 03:10:01
676,Beloha,MG,-25.1667,45.05,59.29,60,23,9.19,few clouds,2021-07-25 03:10:01
677,Mizan Teferi,ET,6.9833,35.5833,60.46,98,100,2.24,overcast clouds,2021-07-25 03:10:01
678,Ola,RU,59.5833,151.2833,56.3,91,99,8.7,overcast clouds,2021-07-25 03:10:02
679,Sibolga,ID,1.7427,98.7792,85.8,60,87,2.53,overcast clouds,2021-07-25 03:10:02
680,Bourg-En-Bresse,FR,46.1667,5.1667,67.3,95,88,0.54,overcast clouds,2021-07-25 03:10:02
681,Alto Paraguai,BR,-14.5136,-56.4825,72.54,44,0,5.91,clear sky,2021-07-25 03:10:03
682,Mongoumba,CF,3.6415,18.5936,70.88,93,97,2.51,light rain,2021-07-25 03:10:03
683,Batesville,US,35.7698,-91.641,82.81,83,1,3.44,clear sky,2021-07-25 03:09:15
684,Arkhangelsk,RU,64.5401,40.5433,50.11,87,75,4.47,broken clouds,2021-07-25 03:10:03
685,Yining,CN,29.0361,114.5636,89.53,53,2,4.34,clear sky,2021-07-25 03:10:04
686,Dryden,CA,49.7833,-92.7503,70.29,42,11,7.87,few clouds,2021-07-25 03:10:04
687,Izyum,UA,49.2088,37.2485,64.42,73,8,4.36,clear sky,2021-07-25 03:10:04
688,Awjilah,LY,29.1081,21.2869,76.46,47,0,6.69,clear sky,2021-07-25 03:10:05
689,Quesnel,CA,52.9999,-122.5029,67.77,62,100,1.54,overcast clouds,2021-07-25 03:07:06
690,Korsakov,RU,46.6328,142.7813,84.04,81,65,11.52,broken clouds,2021-07-25 03:10:05
691,Taltal,CL,-25.4,-70.4833,57.58,73,0,6.15,clear sky,2021-07-25 03:10:05
692,Ranong,TH,9.9658,98.6348,80.74,88,100,8.95,moderate rain,2021-07-25 03:10:06
693,Martapura,ID,-3.4167,114.85,84.29,70,20,5.75,few clouds,2021-07-25 03:10:06
694,Uvat,RU,59.1433,68.8953,61.61,72,100,4.18,overcast clouds,2021-07-25 03:10:06
695,Bandar-E Lengeh,IR,26.5579,54.8807,93.85,53,94,0.16,overcast clouds,2021-07-25 03:10:06
696,Namibe,AO,-15.1961,12.1522,66.97,52,0,5.12,clear sky,2021-07-25 03:10:07
697,Ilhabela,BR,-23.7781,-45.3581,63.32,70,0,4.0,clear sky,2021-07-25 03:10:07
698,Noormarkku,FI,61.5927,21.8685,51.58,93,0,2.3,clear sky,2021-07-25 03:10:07
699,Kagoro,NG,9.6,8.3833,64.58,97,79,1.43,broken clouds,2021-07-25 03:10:08
700,Okha,RU,53.5739,142.9478,79.39,64,97,5.61,overcast clouds,2021-07-25 03:10:08
